{"[38.82652, -77.01712]/[35.20453, -89.64925]": 1385.581, "[38.897602, -77.026166]/[38.82652, -77.01712]": 11.484, "[38.82652, -77.01712]/[38.749672, -90.269249]": 1341.522, "[38.897602, -77.026166]/[25.791738, -80.133975]": 1694.534, "[38.82652, -77.01712]/[25.791738, -80.133975]": 1692.539, "[41.587536, -71.514739]/[38.82652, -77.01712]": 631.836, "[40.768403, -73.98283]/[38.82652, -77.01712]": 372.01, "[42.471096, -70.960691]/[38.82652, -77.01712]": 726.862, "[38.881044, -77.111768]/[38.82652, -77.01712]": 19.413, "[38.82652, -77.01712]/[3.46833, -75.60833]": -1, "[38.897602, -77.026166]/[38.881044, -77.111768]": 11.56, "[36.624961, -78.555786]/[36.14038, -82.59792]": 545.155}